{
  "monthly_average": {
    "1": 39.28285933897002,
    "2": 40.11721752498078,
    "3": 141.2368178324366,
    "4": 563.6413528055342,
    "5": 858.0720983858571,
    "6": 1374.964873174481,
    "7": 1434.901998462721,
    "8": 1214.4351268255189,
    "9": 919.8946943483276,
    "10": 853.2720876585929,
    "11": 155.59373317954632,
    "12": 65.64955786236062
  },
  "municipality_average": {
    "ATOK": 638.6941666666667,
    "BAKUN": 638.6941666666667,
    "BOKOD": 638.6941666666667,
    "BUGUIAS": 638.6941666666667,
    "ITOGON": 638.6941666666667,
    "KABAYAN": 638.6941666666667,
    "KAPANGAN": 638.6941666666667,
    "KIBUNGAN": 638.6941666666667,
    "LATRINIDAD": 638.6941666666667,
    "MANKAYAN": 638.6941666666667,
    "SABLAN": 638.6941666666667,
    "TUBA": 635.4123966942149,
    "TUBLAY": 638.6941666666667
  }
}